{
    "variants": {
        "": [
            {
                "model": "environmental:block/purple_wisteria_leaf_pile"
            },
            {
                "model": "environmental:block/purple_wisteria_leaf_pile",
                "y": 90
            },
            {
                "model": "environmental:block/purple_wisteria_leaf_pile",
                "y": 180
            },
            {
                "model": "environmental:block/purple_wisteria_leaf_pile",
                "y": 270
            }
        ]
    }
}