{
    "variants": {
        "": [
            {
                "model": "environmental:block/wisteria_leaves1"
            },
            {
                "model": "environmental:block/wisteria_leaves1",
                "y": 90
            },
            {
                "model": "environmental:block/wisteria_leaves1",
                "y": 180
            },
            {
                "model": "environmental:block/wisteria_leaves1",
                "y": 270
            },
            {
                "model": "environmental:block/wisteria_leaves2"
            },
            {
                "model": "environmental:block/wisteria_leaves2",
                "y": 90
            },
            {
                "model": "environmental:block/wisteria_leaves2",
                "y": 180
            },
            {
                "model": "environmental:block/wisteria_leaves2",
                "y": 270
            },
            {
                "model": "environmental:block/wisteria_leaves3"
            },
            {
                "model": "environmental:block/wisteria_leaves3",
                "y": 90
            },
            {
                "model": "environmental:block/wisteria_leaves3",
                "y": 180
            },
            {
                "model": "environmental:block/wisteria_leaves3",
                "y": 270
            },
            {
                "model": "environmental:block/wisteria_leaves4"
            },
            {
                "model": "environmental:block/wisteria_leaves4",
                "y": 90
            },
            {
                "model": "environmental:block/wisteria_leaves4",
                "y": 180
            },
            {
                "model": "environmental:block/wisteria_leaves4",
                "y": 270
            }
        ]
    }
}