{
    "variants": {
        "": [
            {
                "model": "croptopia:block/cinnamon_leaves1"
            },
            {
                "model": "croptopia:block/cinnamon_leaves1",
                "y": 90
            },
            {
                "model": "croptopia:block/cinnamon_leaves1",
                "y": 180
            },
            {
                "model": "croptopia:block/cinnamon_leaves1",
                "y": 270
            },
            {
                "model": "croptopia:block/cinnamon_leaves2"
            },
            {
                "model": "croptopia:block/cinnamon_leaves2",
                "y": 90
            },
            {
                "model": "croptopia:block/cinnamon_leaves2",
                "y": 180
            },
            {
                "model": "croptopia:block/cinnamon_leaves2",
                "y": 270
            },
            {
                "model": "croptopia:block/cinnamon_leaves3"
            },
            {
                "model": "croptopia:block/cinnamon_leaves3",
                "y": 90
            },
            {
                "model": "croptopia:block/cinnamon_leaves3",
                "y": 180
            },
            {
                "model": "croptopia:block/cinnamon_leaves3",
                "y": 270
            },
            {
                "model": "croptopia:block/cinnamon_leaves4"
            },
            {
                "model": "croptopia:block/cinnamon_leaves4",
                "y": 90
            },
            {
                "model": "croptopia:block/cinnamon_leaves4",
                "y": 180
            },
            {
                "model": "croptopia:block/cinnamon_leaves4",
                "y": 270
            }
        ]
    }
}