{
    "variants": {
        "": [
            {
                "model": "quark:block/orange_blossom_leaf_carpet"
            },
            {
                "model": "quark:block/orange_blossom_leaf_carpet",
                "y": 90
            },
            {
                "model": "quark:block/orange_blossom_leaf_carpet",
                "y": 180
            },
            {
                "model": "quark:block/orange_blossom_leaf_carpet",
                "y": 270
            }
        ]
    }
}