{
    "variants": {
        "": [
            {
                "model": "twilightforest:block/transformation_leaves1"
            },
            {
                "model": "twilightforest:block/transformation_leaves1",
                "y": 90
            },
            {
                "model": "twilightforest:block/transformation_leaves1",
                "y": 180
            },
            {
                "model": "twilightforest:block/transformation_leaves1",
                "y": 270
            },
            {
                "model": "twilightforest:block/transformation_leaves2"
            },
            {
                "model": "twilightforest:block/transformation_leaves2",
                "y": 90
            },
            {
                "model": "twilightforest:block/transformation_leaves2",
                "y": 180
            },
            {
                "model": "twilightforest:block/transformation_leaves2",
                "y": 270
            },
            {
                "model": "twilightforest:block/transformation_leaves3"
            },
            {
                "model": "twilightforest:block/transformation_leaves3",
                "y": 90
            },
            {
                "model": "twilightforest:block/transformation_leaves3",
                "y": 180
            },
            {
                "model": "twilightforest:block/transformation_leaves3",
                "y": 270
            },
            {
                "model": "twilightforest:block/transformation_leaves4"
            },
            {
                "model": "twilightforest:block/transformation_leaves4",
                "y": 90
            },
            {
                "model": "twilightforest:block/transformation_leaves4",
                "y": 180
            },
            {
                "model": "twilightforest:block/transformation_leaves4",
                "y": 270
            }
        ]
    }
}