{
    "variants": {
        "": [
            {
                "model": "immersive_weathering:block/pale_oak_leaf_pile"
            },
            {
                "model": "immersive_weathering:block/pale_oak_leaf_pile",
                "y": 90
            },
            {
                "model": "immersive_weathering:block/pale_oak_leaf_pile",
                "y": 180
            },
            {
                "model": "immersive_weathering:block/pale_oak_leaf_pile",
                "y": 270
            }
        ]
    }
}