{"variants":{"":[{"model":"quark:block/ancient_leaves1"},{"model":"quark:block/ancient_leaves1","y":90},{"model":"quark:block/ancient_leaves1","y":180},{"model":"quark:block/ancient_leaves1","y":270},{"model":"quark:block/ancient_leaves2"},{"model":"quark:block/ancient_leaves2","y":90},{"model":"quark:block/ancient_leaves2","y":180},{"model":"quark:block/ancient_leaves2","y":270},{"model":"quark:block/ancient_leaves3"},{"model":"quark:block/ancient_leaves3","y":90},{"model":"quark:block/ancient_leaves3","y":180},{"model":"quark:block/ancient_leaves3","y":270},{"model":"quark:block/ancient_leaves4"},{"model":"quark:block/ancient_leaves4","y":90},{"model":"quark:block/ancient_leaves4","y":180},{"model":"quark:block/ancient_leaves4","y":270}]}}