{"parent":"block/thin_block","render_type":"minecraft:cutout","textures":{"particle":"projectvibrantjourneys:block/dead_leaves","texture":"projectvibrantjourneys:block/dead_leaves"},"elements":[{"from":[0,0,0],"to":[16,2,16],"faces":{"down":{"uv":[0,0,16,16],"texture":"#texture","cullface":"down","tintindex":0},"up":{"uv":[0,0,16,16],"texture":"#texture","tintindex":0},"north":{"uv":[0,14,16,16],"texture":"#texture","cullface":"north","tintindex":0},"south":{"uv":[0,14,16,16],"texture":"#texture","cullface":"south","tintindex":0},"west":{"uv":[0,14,16,16],"texture":"#texture","cullface":"west","tintindex":0},"east":{"uv":[0,14,16,16],"texture":"#texture","cullface":"east","tintindex":0}}}]}